Cloudbuddy;Observer;Age_in_days;Volume;Weight;Phase (color)
cbID-001;raID-01;1;0,045546674;0,039160375;1-lightgray
cbID-001;raID-01;12;5,145421213;20,91750126;2-darkgray
cbID-001;raID-01;24;8,971457971;41,67325787;2-darkgray
cbID-001;raID-01;33;7,813613922;34,63497759;3-darkorange
cbID-001;raID-01;46;-99;17,19846758;3-darkorange
cbID-001;raID-01;55;5,00105323;21,693045;4-orange
cbID-001;raID-01;68;4,83792345;-99;5-orangered
cbID-001;raID-01;79;2,457739713;12,79066473;5-orangered
cbID-001;raID-01;89;0,07807775;0,221024853;6-red
cbID-002;raID-01;1;0,097803253;0,016635376;1-lightgray
cbID-002;raID-01;11;4,09317553;11,04094521;1-lightgray
cbID-002;raID-01;17;7,436443424;34,16919327;2-darkgray
cbID-002;raID-01;25;9,924894675;51,37258628;2-darkgray
cbID-002;raID-01;34;8,657913701;41,03318391;3-darkorange
cbID-002;raID-01;42;5,657487219;20,84824077;3-darkorange
cbID-002;raID-01;49;4,18154379;18,67782166;4-orange
cbID-002;raID-01;58;2,714727912;14,05165492;4-orange
cbID-002;raID-01;67;3,394889157;21,91815316;5-orangered
cbID-002;raID-01;73;2,922487489;17,73141342;5-orangered
cbID-002;raID-01;82;0,845143863;0,491300988;6-red
cbID-002;raID-01;89;0,097803253;0,379610382;6-red
cbID-003;raID-01;1;0,083960068;0,040932953;1-lightgray
cbID-003;raID-01;15;5,878707683;20,36027345;1-lightgray
cbID-003;raID-01;32;8,721697745;43,66433378;2-darkgray
cbID-003;raID-01;47;3,989723335;22,57374063;4-orange
cbID-003;raID-01;60;3,686914327;15,60142169;4-orange
cbID-003;raID-01;74;2,923585206;18,7899393;5-orangered
cbID-003;raID-01;91;0,083960068;0,266897244;6-red
cbID-004;raID-01;1;0,083184098;0,054226243;1-lightgray
cbID-004;raID-01;10;3,893913487;10,08254615;1-lightgray
cbID-004;raID-01;20;8,068356816;35,95140168;2-darkgray
cbID-004;raID-01;27;8,012685976;35,73504453;2-darkgray
cbID-004;raID-01;37;4,994907246;14,40140097;3-darkorange
cbID-004;raID-01;45;2,930838961;6,130965624;3-darkorange
cbID-004;raID-01;55;2,492496541;7,844226937;4-orange
cbID-004;raID-01;63;2,952928751;20,21018478;5-orangered
cbID-004;raID-01;70;3,181112069;19,80724249;5-orangered
cbID-004;raID-01;81;0,662426621;14,39353671;5-orangered
cbID-004;raID-01;91;0,102539613;0,703259822;6-red
cbID-005;raID-01;1;0,099121815;0,109294558;1-lightgray
cbID-005;raID-01;7;2,05175126;3,389283474;1-lightgray
cbID-005;raID-01;10;3,355838363;7,891056629;1-lightgray
cbID-005;raID-01;18;7,296497156;32,35678887;2-darkgray
cbID-005;raID-01;23;7,498273402;31,96658889;2-darkgray
cbID-005;raID-01;33;5,933840398;20,98426455;3-darkorange
cbID-005;raID-01;37;4,621094602;13,6357185;3-darkorange
cbID-005;raID-01;43;2,821773277;4,51240763;3-darkorange
cbID-005;raID-01;49;1,532007021;12,97550709;4-orange
cbID-005;raID-01;55;1,926533419;10,06351022;4-orange
cbID-005;raID-01;59;2,744935933;11,61133131;4-orange
cbID-005;raID-01;66;4,091086871;22,54162885;5-orangered
cbID-005;raID-01;72;3,013635003;15,47051194;5-orangered
cbID-005;raID-01;78;1,911015037;12,95388442;5-orangered
cbID-005;raID-01;84;0,564874774;0,760150814;6-red
cbID-005;raID-01;91;0,099121815;0,947661121;6-red
cbID-006;raID-01;1;0,090934358;0,011505192;1-lightgray
cbID-006;raID-01;10;3,714174178;9,252571794;1-lightgray
cbID-006;raID-01;20;9,013999439;42,74170986;2-darkgray
cbID-006;raID-01;28;8,941432308;42,99207342;2-darkgray
cbID-006;raID-01;38;4,86464664;14,64714003;3-darkorange
cbID-006;raID-01;47;4,048987118;20,03759219;4-orange
cbID-006;raID-01;55;3,051945407;12,19550871;4-orange
cbID-006;raID-01;63;3,931271055;19,7707422;5-orangered
cbID-006;raID-01;72;3,260101379;19,90152117;5-orangered
cbID-006;raID-01;81;1,26468313;1,332906432;6-red
cbID-006;raID-01;91;0,090934358;0,192638182;6-red
cbID-007;raID-01;1;0,049689832;0,069591299;1-lightgray
cbID-007;raID-01;20;8,442176096;39,75676902;2-darkgray
cbID-007;raID-01;36;6,748819758;27,47990581;3-darkorange
cbID-007;raID-01;54;3,34752758;18,6154349;4-orange
cbID-007;raID-01;74;2,883798003;15,92682462;5-orangered
cbID-007;raID-01;91;0,077633352;0,233343659;6-red
cbID-008;raID-01;1;0,103794854;0,031546727;1-lightgray
cbID-008;raID-01;9;3,331231014;7,800654404;1-lightgray
cbID-008;raID-01;18;7,894402583;37,5382992;2-darkgray
cbID-008;raID-01;24;8,752464574;41,01670201;2-darkgray
cbID-008;raID-01;34;5,989187997;22,13017215;3-darkorange
cbID-008;raID-01;40;4,23512744;11,66154455;3-darkorange
cbID-008;raID-01;48;3,840899214;14,51846103;4-orange
cbID-008;raID-01;58;3,356367342;14,1275163;4-orange
cbID-008;raID-01;65;3,553044217;13,77191271;5-orangered
cbID-008;raID-01;74;2,640773355;17,25219599;5-orangered
cbID-008;raID-01;81;1,226842233;1,956083445;6-red
cbID-008;raID-01;91;0,079863331;1,149712036;6-red
cbID-009;raID-01;1;0,100755444;0,095310262;1-lightgray
cbID-009;raID-01;12;3,374506644;7,760028339;1-lightgray
cbID-009;raID-01;23;7,963715443;36,70933754;2-darkgray
cbID-009;raID-01;34;6,452057704;24,70819355;3-darkorange
cbID-009;raID-01;44;3,839071321;11,65673053;3-darkorange
cbID-009;raID-01;56;2,721727744;11,21187627;4-orange
cbID-009;raID-01;68;3,425584584;17,24563696;5-orangered
cbID-009;raID-01;80;1,083440264;7,175746933;5-orangered
cbID-009;raID-01;90;0,100755444;1,372967178;6-red
cbID-010;raID-01;1;0,105804908;0,04725285;1-lightgray
cbID-010;raID-01;7;1,185492604;1,241863774;1-lightgray
cbID-010;raID-01;13;4,08716159;10,96134798;1-lightgray
cbID-010;raID-01;20;8,029573215;39,4231953;2-darkgray
cbID-010;raID-01;26;9,300606014;48,80232888;2-darkgray
cbID-010;raID-01;30;9,189610596;43,37358852;3-darkorange
cbID-010;raID-01;40;5,135914723;16,36527989;3-darkorange
cbID-010;raID-01;46;3,100707563;9,148858435;3-darkorange
cbID-010;raID-01;50;2,992685198;9,386737022;4-orange
cbID-010;raID-01;58;2,911663669;6,764346099;4-orange
cbID-010;raID-01;63;2,708764578;11,87234476;5-orangered
cbID-010;raID-01;72;2,534247023;14,62330466;5-orangered
cbID-010;raID-01;76;2,302565201;17,12631616;5-orangered
cbID-010;raID-01;84;0,477951808;0,775138571;6-red
cbID-010;raID-01;91;0,105804908;0,881349992;6-red
cbID-011;raID-01;1;0,106107702;0,071851412;1-lightgray
cbID-011;raID-01;13;5,586872029;19,81622669;2-darkgray
cbID-011;raID-01;22;9,21078506;47,13998298;2-darkgray
cbID-011;raID-01;31;8,894116622;43,46388328;3-darkorange
cbID-011;raID-01;41;5,092561787;18,53206661;3-darkorange
cbID-011;raID-01;50;3,724292118;15,16053809;4-orange
cbID-011;raID-01;63;3,339405989;16,08763662;5-orangered
cbID-011;raID-01;71;3,499119758;15,20142639;5-orangered
cbID-011;raID-01;77;2,014206557;13,87741947;5-orangered
cbID-011;raID-01;90;0,028162568;0,468270742;6-red
cbID-012;raID-01;1;0,108698865;0,121788775;1-lightgray
cbID-012;raID-01;12;5,516915679;19,33277537;2-darkgray
cbID-012;raID-01;26;9,944549804;52,93027556;2-darkgray
cbID-012;raID-01;39;6,203116644;22,64372831;3-darkorange
cbID-012;raID-01;50;4,86153829;-99;4-orange
cbID-012;raID-01;64;4,473753796;24,00538164;4-orange
cbID-012;raID-01;77;2,325527087;17,40310993;5-orangered
cbID-012;raID-01;88;0,087181024;0,26345417;6-red
cbID-013;raID-01;1;0,055502304;0,191534666;1-lightgray
cbID-013;raID-01;15;6,966855119;31,27828021;2-darkgray
cbID-013;raID-01;26;9,813612743;48,4119309;2-darkgray
cbID-013;raID-01;39;6,239103314;25,21519546;3-darkorange
cbID-013;raID-01;53;4,934593929;21,9662639;4-orange
cbID-013;raID-01;64;4,622708017;23,74445604;4-orange
cbID-013;raID-01;75;3,721967017;24,5492154;5-orangered
cbID-013;raID-01;91;0,073571214;0,124346108;6-red
cbID-014;raID-01;1;0,033586456;0,030273395;1-lightgray
cbID-014;raID-01;8;2,338753782;4,070501421;1-lightgray
cbID-014;raID-01;14;5,299206126;20,24976479;2-darkgray
cbID-014;raID-01;22;8,575587863;41,76296633;2-darkgray
cbID-014;raID-01;28;8,776329473;44,36492968;2-darkgray
cbID-014;raID-01;36;5,286623852;19,194801;3-darkorange
cbID-014;raID-01;42;2,17534758;3,678431665;3-darkorange
cbID-014;raID-01;49;1,484585127;9,444152364;4-orange
cbID-014;raID-01;56;1,145550831;8,914613938;4-orange
cbID-014;raID-01;62;2,537582613;16,92777143;5-orangered
cbID-014;raID-01;70;2,240383472;15,74898211;5-orangered
cbID-014;raID-01;76;1,467490508;15,26098413;5-orangered
cbID-014;raID-01;83;0,094810635;0,822954009;6-red
cbID-014;raID-01;88;0,094810635;0,714906455;6-red
cbID-015;raID-01;1;0,138268986;0,219647083;1-lightgray
cbID-015;raID-01;6;2,23716474;4,065067036;1-lightgray
cbID-015;raID-01;12;5,666350828;19,0527904;2-darkgray
cbID-015;raID-01;16;7,192037016;31,21970533;2-darkgray
cbID-015;raID-01;20;8,426095339;44,25598731;2-darkgray
cbID-015;raID-01;24;-99;45,32593089;2-darkgray
cbID-015;raID-01;31;7,979105479;36,89688109;2-darkgray
cbID-015;raID-01;34;7,281463093;30,89001676;3-darkorange
cbID-015;raID-01;40;5,149374953;17,87998225;3-darkorange
cbID-015;raID-01;47;3,97182464;16,92238043;4-orange
cbID-015;raID-01;52;3,731113767;13,47634306;4-orange
cbID-015;raID-01;55;4,525254556;20,19563297;4-orange
cbID-015;raID-01;62;4,458140895;21,59256744;5-orangered
cbID-015;raID-01;65;4,288451792;16,70971142;5-orangered
cbID-015;raID-01;69;5,249795236;26,3888192;5-orangered
cbID-015;raID-01;76;3,715330799;23,13681722;5-orangered
cbID-015;raID-01;78;2,381033002;5,271519899;6-red
cbID-015;raID-01;85;0,576818455;1,245722188;6-red
cbID-015;raID-01;91;0,057798567;0,458153609;6-red
cbID-016;raID-01;1;0,019483037;0,116506151;1-lightgray
cbID-016;raID-01;11;4,598554277;13,38963879;1-lightgray
cbID-016;raID-01;20;8,756310655;43,04638683;2-darkgray
cbID-016;raID-01;30;8,892186641;44,2662153;3-darkorange
cbID-016;raID-01;39;6,11975532;21,77381034;3-darkorange
cbID-016;raID-01;51;4,614537381;18,54047338;4-orange
cbID-016;raID-01;62;4,159317115;24,20811587;5-orangered
cbID-016;raID-01;71;4,139092758;18,1114788;5-orangered
cbID-016;raID-01;78;1,471278893;12,42248922;5-orangered
cbID-016;raID-01;90;0,091991512;0,775031022;6-red
cbID-017;raID-02;1;0,111548217;0,002249693;1-lightgray
cbID-017;raID-02;9;2,969826033;6,560415173;1-lightgray
cbID-017;raID-02;18;8,276647749;40,75303913;2-darkgray
cbID-017;raID-02;26;9,768936126;50,24467738;2-darkgray
cbID-017;raID-02;34;5,975672808;22,25161665;3-darkorange
cbID-017;raID-02;42;3,967024933;12,75543827;3-darkorange
cbID-017;raID-02;48;4,497460274;19,49635566;4-orange
cbID-017;raID-02;58;4,463900528;23,23074933;4-orange
cbID-017;raID-02;62;4,86898873;18,64656964;4-orange
cbID-017;raID-02;72;3,483737566;18,23624508;5-orangered
cbID-017;raID-02;82;0,441427647;0,259834521;6-red
cbID-017;raID-02;91;0,111548217;0,417657237;6-red
cbID-018;raID-02;1;0,09595577;0,13765342;1-lightgray
cbID-018;raID-02;12;4,028109471;13,2801246;2-darkgray
cbID-018;raID-02;21;7,468256998;31,39886169;2-darkgray
cbID-018;raID-02;30;7,538098561;29,592001;2-darkgray
cbID-018;raID-02;41;3,250901429;7,817019584;3-darkorange
cbID-018;raID-02;50;2,990920224;20,33283502;4-orange
cbID-018;raID-02;61;2,877053657;11,73793513;4-orange
cbID-018;raID-02;70;2,559877154;12,18269832;5-orangered
cbID-018;raID-02;80;2,343366206;17,95441831;5-orangered
cbID-018;raID-02;89;0,133145555;0,103294827;6-red
cbID-019;raID-02;1;0,106048663;0,01291244;1-lightgray
cbID-019;raID-02;9;2,779248004;5,69491702;1-lightgray
cbID-019;raID-02;17;7,701858438;35,32383522;2-darkgray
cbID-019;raID-02;26;9,441904708;49,23581922;2-darkgray
cbID-019;raID-02;33;7,089335868;31,67125191;3-darkorange
cbID-019;raID-02;42;5,310156693;18,0620839;3-darkorange
cbID-019;raID-02;49;3,556018174;16,80336965;4-orange
cbID-019;raID-02;57;3,729355545;18,14679798;4-orange
cbID-019;raID-02;64;4,152390212;20,97821435;4-orange
cbID-019;raID-02;72;3,703795666;17,60079134;5-orangered
cbID-019;raID-02;79;1,855291519;2,640877361;6-red
cbID-019;raID-02;89;0,106048663;0,344307415;6-red
cbID-020;raID-02;1;0,108384022;0,200233285;1-lightgray
cbID-020;raID-02;8;2,729088092;5,428236169;1-lightgray
cbID-020;raID-02;14;5,400152422;17,52199488;1-lightgray
cbID-020;raID-02;20;7,888919378;37,05529267;2-darkgray
cbID-020;raID-02;25;9,001379763;45,06039364;2-darkgray
cbID-020;raID-02;34;7,290725614;32,95689112;3-darkorange
cbID-020;raID-02;40;5,797531912;19,87350379;3-darkorange
cbID-020;raID-02;44;4,24302061;13,14911502;3-darkorange
cbID-020;raID-02;52;4,188427012;19,33724143;4-orange
cbID-020;raID-02;56;3,606973696;17,07071855;4-orange
cbID-020;raID-02;65;4,991482786;23,15803305;5-orangered
cbID-020;raID-02;71;3,23807121;20,56997144;5-orangered
cbID-020;raID-02;78;2,320048902;11,75467313;5-orangered
cbID-020;raID-02;84;0,420425115;-99;6-red
cbID-020;raID-02;91;0,021535266;0,070283185;6-red
cbID-021;raID-02;1;0,177145096;0,080000647;1-lightgray
cbID-021;raID-02;11;4,924839831;14,98758504;1-lightgray
cbID-021;raID-02;24;10,14140249;53,0855193;2-darkgray
cbID-021;raID-02;33;7,372806177;31,13065279;3-darkorange
cbID-021;raID-02;46;3,677214261;10,87851095;3-darkorange
cbID-021;raID-02;58;3,678591026;15,35393129;4-orange
cbID-021;raID-02;66;4,275358234;19,30991752;5-orangered
cbID-021;raID-02;78;2,381253189;16,4908072;5-orangered
cbID-021;raID-02;89;0,08830287;0,610477742;6-red
cbID-022;raID-02;1;0,095789521;0,077977256;1-lightgray
cbID-022;raID-02;13;4,311238276;15,6058132;2-darkgray
cbID-022;raID-02;22;7,616296265;32,13660298;2-darkgray
cbID-022;raID-02;35;5,380413051;19,71454599;3-darkorange
cbID-022;raID-02;45;3,341427889;6,418364915;3-darkorange
cbID-022;raID-02;54;2,507379271;9,937189662;4-orange
cbID-022;raID-02;68;2,609282337;17,89452312;5-orangered
cbID-022;raID-02;80;1,41863206;12,02784522;5-orangered
cbID-022;raID-02;90;0,095789521;0,294756049;6-red
cbID-023;raID-02;1;0,102854507;0,09417368;1-lightgray
cbID-023;raID-02;8;2,223791276;3,936179068;1-lightgray
cbID-023;raID-02;12;4,497925745;16,79378566;2-darkgray
cbID-023;raID-02;18;7,712162084;34,16347659;2-darkgray
cbID-023;raID-02;25;9,628585742;46,81690079;2-darkgray
cbID-023;raID-02;32;7,751467986;35,10767858;3-darkorange
cbID-023;raID-02;37;5,988602552;20,55714508;3-darkorange
cbID-023;raID-02;42;4,411639418;17,41662204;3-darkorange
cbID-023;raID-02;49;2,685008304;9,971664074;4-orange
cbID-023;raID-02;54;1,676466654;9,271886463;4-orange
cbID-023;raID-02;58;-99;11,96383467;4-orange
cbID-023;raID-02;65;2,523187076;24,78122415;5-orangered
cbID-023;raID-02;72;2,241700272;13,73405531;5-orangered
cbID-023;raID-02;76;2,494677663;14,16981317;5-orangered
cbID-023;raID-02;84;0,102854507;0,009229774;6-red
cbID-023;raID-02;91;0,102854507;0,831632057;6-red
cbID-024;raID-02;1;0,055662058;0,135147846;1-lightgray
cbID-024;raID-02;12;5,551868517;23,60400239;2-darkgray
cbID-024;raID-02;28;10,75114525;60,56264533;2-darkgray
cbID-024;raID-02;39;6,670638936;27,21103739;3-darkorange
cbID-024;raID-02;53;5,037855012;25,77486755;4-orange
cbID-024;raID-02;65;4,435479166;24,55258706;5-orangered
cbID-024;raID-02;77;2,386692472;5,058476605;6-red
cbID-024;raID-02;89;0,087400808;0,209603787;6-red
cbID-025;raID-02;1;0,09575362;0,039637569;1-lightgray
cbID-025;raID-02;24;7,513073805;31,32368406;2-darkgray
cbID-025;raID-02;46;3,531935458;20,10152131;4-orange
cbID-025;raID-02;68;3,48899197;24,85346421;5-orangered
cbID-025;raID-02;89;0,084144665;0,068433177;6-red
cbID-026;raID-02;1;0,079931115;0,002949585;1-lightgray
cbID-026;raID-02;8;2,107499408;3,615635933;1-lightgray
cbID-026;raID-02;17;7,231656611;31,92610501;2-darkgray
cbID-026;raID-02;22;8,696009299;42,19640141;2-darkgray
cbID-026;raID-02;31;8,005323752;37,21426794;3-darkorange
cbID-026;raID-02;39;5,265308874;19,09494612;3-darkorange
cbID-026;raID-02;45;5,749203345;24,68822767;4-orange
cbID-026;raID-02;53;4,836724688;20,63458024;4-orange
cbID-026;raID-02;60;4,701496482;20,9206157;4-orange
cbID-026;raID-02;67;4,302635516;23,88805794;5-orangered
cbID-026;raID-02;75;3,768153366;19,4048468;5-orangered
cbID-026;raID-02;83;1,358724991;1,896532554;6-red
cbID-026;raID-02;91;0,163105448;0,619828536;6-red
cbID-027;raID-02;1;0,099225998;0,013144196;1-lightgray
cbID-027;raID-02;8;2,562377044;4,917523622;1-lightgray
cbID-027;raID-02;17;7,151278741;31,01644398;2-darkgray
cbID-027;raID-02;24;9,392828798;47,02466829;2-darkgray
cbID-027;raID-02;33;6,644391698;26,51691505;3-darkorange
cbID-027;raID-02;40;4,310750481;14,84356265;3-darkorange
cbID-027;raID-02;50;3,626195342;21,23539423;4-orange
cbID-027;raID-02;58;2,57440444;9,948070347;4-orange
cbID-027;raID-02;66;2,577670702;15,64367921;5-orangered
cbID-027;raID-02;74;3,004413884;20,99215118;5-orangered
cbID-027;raID-02;82;0,468874638;0,340080461;6-red
cbID-027;raID-02;89;0,099225998;0,545150626;6-red
cbID-028;raID-02;1;0,110325708;0,004776752;1-lightgray
cbID-028;raID-02;9;3,058268464;6,787108617;1-lightgray
cbID-028;raID-02;14;6,38113202;24,33398147;2-darkgray
cbID-028;raID-02;23;10,14929357;54,53150734;2-darkgray
cbID-028;raID-02;29;9,12389431;44,60655427;2-darkgray
cbID-028;raID-02;35;6,951993678;30,98541879;3-darkorange
cbID-028;raID-02;41;3,615229643;13,05646494;3-darkorange
cbID-028;raID-02;49;2,650743146;11,25704946;4-orange
cbID-028;raID-02;57;1,619081018;8,390597552;4-orange
cbID-028;raID-02;62;2,166897739;24,89497049;5-orangered
cbID-028;raID-02;66;2,828828918;15,83142414;5-orangered
cbID-028;raID-02;77;2,036792638;3,60607948;6-red
cbID-028;raID-02;84;0,412997348;0,345717014;6-red
cbID-028;raID-02;88;0,094460628;0,058598733;6-red
cbID-029;raID-02;1;0,077359375;0,265581822;1-lightgray
cbID-029;raID-02;16;7,485069793;32,36427551;2-darkgray
cbID-029;raID-02;30;8,120295149;36,33811538;3-darkorange
cbID-029;raID-02;46;2,931349766;9,613974214;4-orange
cbID-029;raID-02;59;3,433154054;17,74512708;4-orange
cbID-029;raID-02;75;2,945149071;14,61869141;5-orangered
cbID-029;raID-02;89;9,82972E-05;0,947316249;6-red
cbID-030;raID-02;1;0,100971559;0,145657378;1-lightgray
cbID-030;raID-02;4;0,79575314;0,668810409;1-lightgray
cbID-030;raID-02;9;3,53139764;8,517042711;1-lightgray
cbID-030;raID-02;15;6,8743363;26,3071995;1-lightgray
cbID-030;raID-02;19;8,235052778;41,8037003;2-darkgray
cbID-030;raID-02;24;10,48555888;54,87657019;2-darkgray
cbID-030;raID-02;28;9,536019201;49,67968864;2-darkgray
cbID-030;raID-02;35;5,503657196;20,26417122;3-darkorange
cbID-030;raID-02;39;4,541481732;14,6763383;3-darkorange
cbID-030;raID-02;42;4,750511004;15,77388801;3-darkorange
cbID-030;raID-02;49;3,027631428;15,74233809;4-orange
cbID-030;raID-02;53;2,991663236;8,27284283;4-orange
cbID-030;raID-02;58;2,790647754;8,387393919;4-orange
cbID-030;raID-02;63;3,598360606;9,882448961;5-orangered
cbID-030;raID-02;66;4,18968846;17,95134257;5-orangered
cbID-030;raID-02;71;4,706796169;27,36968757;5-orangered
cbID-030;raID-02;76;2,784838714;13,95884876;5-orangered
cbID-030;raID-02;81;1,256287638;2,165068913;6-red
cbID-030;raID-02;86;0,009732253;0,194144512;6-red
cbID-030;raID-02;91;0,100971559;0,458802724;6-red
cbID-031;raID-02;1;0,096850115;0,008224927;1-lightgray
cbID-031;raID-02;10;3,323161801;7,649035207;1-lightgray
cbID-031;raID-02;19;7,42316939;33,59856376;2-darkgray
cbID-031;raID-02;27;8,607328572;42,04241211;2-darkgray
cbID-031;raID-02;38;5,960669339;23,19533288;3-darkorange
cbID-031;raID-02;46;4,412088471;14,41106581;3-darkorange
cbID-031;raID-02;55;4,038504625;15,82408531;4-orange
cbID-031;raID-02;61;2,43405274;16,36581305;5-orangered
cbID-031;raID-02;72;3,106893923;19,41291352;5-orangered
cbID-031;raID-02;82;1,594017664;2,183831348;6-red
cbID-031;raID-02;91;0,078624559;0,002848065;6-red
cbID-032;raID-03;1;0,094337189;0,028699641;1-lightgray
cbID-032;raID-03;17;5,73980293;22,38593815;2-darkgray
cbID-032;raID-03;36;4,221126229;15,22147487;3-darkorange
cbID-032;raID-03;53;1,614590081;8,642174004;4-orange
cbID-032;raID-03;72;1,559981088;8,133456233;5-orangered
cbID-032;raID-03;91;0,094337189;0,616056816;6-red
cbID-033;raID-03;1;0,171659026;0,033253054;1-lightgray
cbID-033;raID-03;7;1,941895876;3,206634864;1-lightgray
cbID-033;raID-03;15;5,436105066;17,87021433;1-lightgray
cbID-033;raID-03;22;8,35280455;40,87066649;2-darkgray
cbID-033;raID-03;29;9,594552289;47,00750533;3-darkorange
cbID-033;raID-03;35;5,960331765;22,48329968;3-darkorange
cbID-033;raID-03;42;3,102318426;8,457360432;3-darkorange
cbID-033;raID-03;50;2,556707259;14,18798977;4-orange
cbID-033;raID-03;57;2,758357313;11,15619002;4-orange
cbID-033;raID-03;62;3,959315859;18,93144915;4-orange
cbID-033;raID-03;70;3,437190042;9,311012519;5-orangered
cbID-033;raID-03;75;2,683063498;14,85068638;5-orangered
cbID-033;raID-03;84;0,716301298;0,851829837;6-red
cbID-033;raID-03;89;0,076130978;0,653231319;6-red
cbID-034;raID-03;1;0,050912292;0,203977863;1-lightgray
cbID-034;raID-03;7;2,280064733;4,08279687;1-lightgray
cbID-034;raID-03;14;6,156643312;25,85422456;2-darkgray
cbID-034;raID-03;20;8,551292351;41,66878501;2-darkgray
cbID-034;raID-03;27;9,700474636;-99;2-darkgray
cbID-034;raID-03;33;8,601223947;41,10307865;3-darkorange
cbID-034;raID-03;40;6,061380062;25,90295632;3-darkorange
cbID-034;raID-03;44;4,763916866;13,96930084;3-darkorange
cbID-034;raID-03;50;5,351137158;24,03963856;4-orange
cbID-034;raID-03;58;5,890503883;24,88153178;4-orange
cbID-034;raID-03;65;5,212361725;27,17668851;5-orangered
cbID-034;raID-03;71;5,393176484;30,71230678;5-orangered
cbID-034;raID-03;78;2,58865078;5,542617314;6-red
cbID-034;raID-03;82;1,617731176;3,276097769;6-red
cbID-034;raID-03;91;0,131249032;0,324649647;6-red
cbID-035;raID-03;1;0,002356317;0,009602993;1-lightgray
cbID-035;raID-03;8;2,346170745;4,355598588;1-lightgray
cbID-035;raID-03;14;4,856805745;17,88605459;2-darkgray
cbID-035;raID-03;19;7,607001169;35,12361007;2-darkgray
cbID-035;raID-03;24;8,540036477;42,84964419;2-darkgray
cbID-035;raID-03;34;6,05560268;22,66229933;3-darkorange
cbID-035;raID-03;41;3,898651927;14,36699505;3-darkorange
cbID-035;raID-03;46;3,157591624;9,508217847;3-darkorange
cbID-035;raID-03;51;3,518771438;18,35341985;4-orange
cbID-035;raID-03;57;3,173681336;10,98820269;4-orange
cbID-035;raID-03;63;3,708072406;17,2114327;5-orangered
cbID-035;raID-03;69;3,891925782;21,98789222;5-orangered
cbID-035;raID-03;78;1,966405005;16,29057438;5-orangered
cbID-035;raID-03;83;0,644422533;0,69724269;6-red
cbID-035;raID-03;90;0,046443445;0,73540805;6-red
cbID-036;raID-03;1;0,086034813;0,001326769;1-lightgray
cbID-036;raID-03;15;6,509370824;23,96699853;1-lightgray
cbID-036;raID-03;31;8,774634205;47,16923716;2-darkgray
cbID-036;raID-03;45;4,404782352;21,96757903;4-orange
cbID-036;raID-03;60;3,168604573;15,85250234;4-orange
cbID-036;raID-03;74;2,941605974;18,10879358;5-orangered
cbID-036;raID-03;90;0,093729536;0,796912458;6-red
cbID-037;raID-03;1;0,110494756;0,112495367;1-lightgray
cbID-037;raID-03;8;2,31135995;4,050689697;1-lightgray
cbID-037;raID-03;14;4,83269952;14,6715629;1-lightgray
cbID-037;raID-03;21;7,370788602;36,06071747;2-darkgray
cbID-037;raID-03;27;8,452003018;42,64222077;2-darkgray
cbID-037;raID-03;33;8,732149641;42,00326488;3-darkorange
cbID-037;raID-03;43;7,04370492;27,80972472;3-darkorange
cbID-037;raID-03;49;5,31084428;25,91304645;4-orange
cbID-037;raID-03;56;3,886789166;21,49019155;4-orange
cbID-037;raID-03;61;3,884890307;19,52896488;5-orangered
cbID-037;raID-03;69;4,185047328;26,20794558;5-orangered
cbID-037;raID-03;76;2,794230575;16,28408853;5-orangered
cbID-037;raID-03;85;0,82586257;0,563324472;6-red
cbID-037;raID-03;89;0,110494756;0,176416325;6-red
cbID-038;raID-03;1;0,097837757;0,02305639;1-lightgray
cbID-038;raID-03;8;3,012001343;6,590341907;1-lightgray
cbID-038;raID-03;16;7,245941808;29,80356505;2-darkgray
cbID-038;raID-03;22;8,72258619;40,830039;2-darkgray
cbID-038;raID-03;26;9,137555626;47,94293495;2-darkgray
cbID-038;raID-03;34;8,1946261;36,32324055;3-darkorange
cbID-038;raID-03;42;5,448693061;20,87136779;3-darkorange
cbID-038;raID-03;50;4,943062841;21,74378703;4-orange
cbID-038;raID-03;57;4,421675102;15,5350812;4-orange
cbID-038;raID-03;59;4,466280736;19,61364406;4-orange
cbID-038;raID-03;70;4,123910918;21,69886252;5-orangered
cbID-038;raID-03;76;2,605391319;5,128742754;6-red
cbID-038;raID-03;83;0,981834707;-99;6-red
cbID-038;raID-03;90;-99;0,934543438;6-red
cbID-039;raID-03;1;0,197811407;0,105017509;1-lightgray
cbID-039;raID-03;9;3,662167779;9,25755969;1-lightgray
cbID-039;raID-03;18;7,499760735;33,1089925;2-darkgray
cbID-039;raID-03;26;8,479793279;41,3105942;2-darkgray
cbID-039;raID-03;34;5,649940551;20,75467159;3-darkorange
cbID-039;raID-03;40;4,008357519;12,70195101;3-darkorange
cbID-039;raID-03;51;1,905124393;7,609954844;4-orange
cbID-039;raID-03;57;2,767558826;15,13728192;4-orange
cbID-039;raID-03;65;3,512668375;19,93436546;5-orangered
cbID-039;raID-03;73;3,043311832;11,79335208;5-orangered
cbID-039;raID-03;82;1,158298486;0,732771077;6-red
cbID-039;raID-03;89;0,097497079;0,082769812;6-red
cbID-040;raID-03;1;0,035734939;0,041715517;1-lightgray
cbID-040;raID-03;5;1,325343918;1,765722738;1-lightgray
cbID-040;raID-03;15;6,719062763;25,68728011;1-lightgray
cbID-040;raID-03;19;8,047254613;36,97279794;2-darkgray
cbID-040;raID-03;25;8,950620674;42,72263222;2-darkgray
cbID-040;raID-03;31;8,258317886;38,88581311;2-darkgray
cbID-040;raID-03;37;6,279894644;22,34361591;3-darkorange
cbID-040;raID-03;42;3,825728207;11,60322;3-darkorange
cbID-040;raID-03;48;2,390400211;6,765089805;3-darkorange
cbID-040;raID-03;55;2,933408908;16,45194917;4-orange
cbID-040;raID-03;60;3,775044471;15,051986;4-orange
cbID-040;raID-03;67;2,899132883;19,4801731;5-orangered
cbID-040;raID-03;74;2,632899504;16,98940109;5-orangered
cbID-040;raID-03;77;2,770036883;20,03076429;5-orangered
cbID-040;raID-03;83;0,99556056;0,957415297;6-red
cbID-040;raID-03;90;0,004221674;0,308159529;6-red
cbID-041;raID-03;1;0,10887771;0,013555017;1-lightgray
cbID-041;raID-03;9;3,272503305;7,508382523;1-lightgray
cbID-041;raID-03;20;8,718632155;40,38778483;2-darkgray
cbID-041;raID-03;26;9,522769356;46,78241119;2-darkgray
cbID-041;raID-03;38;7,134745559;29,98377102;3-darkorange
cbID-041;raID-03;46;6,445119461;33,67444186;4-orange
cbID-041;raID-03;55;4,180403639;19,89669449;4-orange
cbID-041;raID-03;64;4,33329993;26,87333379;5-orangered
cbID-041;raID-03;72;3,862362788;22,46552391;5-orangered
cbID-041;raID-03;81;1,62503297;2,619140173;6-red
cbID-041;raID-03;90;0,124272312;0,00657438;6-red
cbID-042;raID-03;1;0,082204999;0,037857515;1-lightgray
cbID-042;raID-03;11;4,343584886;12,09078759;1-lightgray
cbID-042;raID-03;17;7,859319553;33,84653311;2-darkgray
cbID-042;raID-03;26;9,547762019;48,9453777;2-darkgray
cbID-042;raID-03;32;8,505906574;41,73231458;2-darkgray
cbID-042;raID-03;43;5,488637024;19,34844596;3-darkorange
cbID-042;raID-03;49;4,095787736;18,0247082;4-orange
cbID-042;raID-03;59;3,628220454;17,53586848;4-orange
cbID-042;raID-03;66;4,5230624;23,65082455;5-orangered
cbID-042;raID-03;73;2,840043504;24,56893171;5-orangered
cbID-042;raID-03;81;0,960324507;1,022293352;6-red
cbID-042;raID-03;91;0,052950418;0,532591201;6-red
cbID-043;raID-03;1;0,044017908;0,171953124;1-lightgray
cbID-043;raID-03;8;3,331196568;7,969666972;1-lightgray
cbID-043;raID-03;19;8,856105254;41,95309036;2-darkgray
cbID-043;raID-03;24;9,747743113;50,61058214;2-darkgray
cbID-043;raID-03;34;7,470027911;29,56910622;3-darkorange
cbID-043;raID-03;42;5,210948282;16,86796337;3-darkorange
cbID-043;raID-03;52;3,313062723;9,594897962;4-orange
cbID-043;raID-03;58;4,008457528;19,01407098;4-orange
cbID-043;raID-03;68;3,933308587;21,06846703;5-orangered
cbID-043;raID-03;72;2,82165636;20,38605159;5-orangered
cbID-043;raID-03;84;0,202201379;0,161361566;6-red
cbID-043;raID-03;91;0,107123075;0,115925631;6-red
cbID-044;raID-03;1;0,102679969;0,270491775;1-lightgray
cbID-044;raID-03;7;1,729081528;2,567034714;1-lightgray
cbID-044;raID-03;12;3,943450028;10,40991209;1-lightgray
cbID-044;raID-03;17;7,592926462;33,80971539;2-darkgray
cbID-044;raID-03;24;9,565493575;48,8936235;2-darkgray
cbID-044;raID-03;28;9,258583472;47,74465053;2-darkgray
cbID-044;raID-03;34;7,978826988;33,49892027;3-darkorange
cbID-044;raID-03;39;5,464594625;18,89204009;3-darkorange
cbID-044;raID-03;43;4,859049198;16,85337103;3-darkorange
cbID-044;raID-03;48;4,593554411;15,57184006;4-orange
cbID-044;raID-03;52;4,418775704;19,43262369;4-orange
cbID-044;raID-03;59;5,227798221;22,21174928;4-orange
cbID-044;raID-03;66;4,954439486;31,61267909;5-orangered
cbID-044;raID-03;70;4,010367755;28,03218302;5-orangered
cbID-044;raID-03;73;3,70397042;18,22774832;5-orangered
cbID-044;raID-03;79;1,975071451;2,354056204;6-red
cbID-044;raID-03;84;0,158892311;0,056599683;6-red
cbID-044;raID-03;88;0,102679969;0,328949436;6-red
cbID-045;raID-03;1;0,103057394;0,046958531;1-lightgray
cbID-045;raID-03;10;3,899030129;10,08867991;1-lightgray
cbID-045;raID-03;19;8,171006932;37,0416704;2-darkgray
cbID-045;raID-03;25;10,0064364;52,20030862;2-darkgray
cbID-045;raID-03;36;6,180296388;23,03135513;3-darkorange
cbID-045;raID-03;45;4,233449999;15,46820735;4-orange
cbID-045;raID-03;54;2,788307051;10,44413362;4-orange
cbID-045;raID-03;64;3,487829943;18,69511997;5-orangered
cbID-045;raID-03;74;2,234310537;13,85943469;5-orangered
cbID-045;raID-03;82;0,936708916;0,635292337;6-red
cbID-045;raID-03;91;0,103057394;0,212216431;6-red
cbID-046;raID-03;1;0,09261611;0,133621869;1-lightgray
cbID-046;raID-03;9;2,991973305;6,2543164;1-lightgray
cbID-046;raID-03;18;7,782836728;36,98707395;2-darkgray
cbID-046;raID-03;30;8,152369473;35,32232248;3-darkorange
cbID-046;raID-03;36;7,437845803;29,79395951;3-darkorange
cbID-046;raID-03;44;4,363200399;14,94254887;3-darkorange
cbID-046;raID-03;54;3,315011932;12,11620171;4-orange
cbID-046;raID-03;65;3,435608392;16,30817317;5-orangered
cbID-046;raID-03;71;3,673622479;16,84829608;5-orangered
cbID-046;raID-03;80;1,78322662;3,162920399;6-red
cbID-046;raID-03;90;0,021335685;0,331593722;6-red
cbID-047;raID-03;1;0,07662936;0,175381052;1-lightgray
cbID-047;raID-03;11;3,648949656;9,040542426;1-lightgray
cbID-047;raID-03;17;6,953278638;32,82037753;2-darkgray
cbID-047;raID-03;24;8,323958928;42,57217742;2-darkgray
cbID-047;raID-03;33;7,561442309;34,07929812;3-darkorange
cbID-047;raID-03;41;4,61433004;15,73898036;3-darkorange
cbID-047;raID-03;48;3,569288018;11,04984322;3-darkorange
cbID-047;raID-03;58;2,601842135;14,07802926;4-orange
cbID-047;raID-03;66;3,136808209;21,67978867;5-orangered
cbID-047;raID-03;74;2,0498134;14,12266304;5-orangered
cbID-047;raID-03;81;0,496444511;0,269473176;6-red
cbID-047;raID-03;87;0,07662936;1,34747565;6-red
cbID-048;raID-03;1;0,075776231;0,090859618;1-lightgray
cbID-048;raID-03;10;3,725139826;9,270577671;1-lightgray
cbID-048;raID-03;19;7,322350593;30,48386063;2-darkgray
cbID-048;raID-03;28;8,860193892;39,94770044;3-darkorange
cbID-048;raID-03;36;5,817730344;22,60661601;3-darkorange
cbID-048;raID-03;46;4,038782132;12,71481241;3-darkorange
cbID-048;raID-03;56;4,488310321;17,84266279;4-orange
cbID-048;raID-03;65;3,766963673;21,3517339;5-orangered
cbID-048;raID-03;73;3,284752334;17,88616967;5-orangered
cbID-048;raID-03;80;0,626810973;8,981956823;5-orangered
cbID-048;raID-03;86;0,075776231;0,215796135;6-red
cbID-049;raID-03;1;0,143057057;0,17201874;1-lightgray
cbID-049;raID-03;7;2,369394964;4,14231036;1-lightgray
cbID-049;raID-03;11;3,53485119;8,540383961;1-lightgray
cbID-049;raID-03;17;6,840066916;30,90866777;2-darkgray
cbID-049;raID-03;23;8,341341521;40,23961707;2-darkgray
cbID-049;raID-03;28;8,167071566;35,69995592;3-darkorange
cbID-049;raID-03;33;6,056760365;23,24443814;3-darkorange
cbID-049;raID-03;38;5,200334616;17,96009018;3-darkorange
cbID-049;raID-03;43;3,931189453;11,40661742;3-darkorange
cbID-049;raID-03;52;3,151504582;11,98088892;4-orange
cbID-049;raID-03;56;4,115071072;18,61676738;4-orange
cbID-049;raID-03;61;3,18113193;21,423261;5-orangered
cbID-049;raID-03;70;4,368301357;27,02389874;5-orangered
cbID-049;raID-03;74;3,672760793;14,28593711;5-orangered
cbID-049;raID-03;78;3,08868506;16,94798416;5-orangered
cbID-049;raID-03;85;1,052169966;1,641790427;6-red
cbID-049;raID-03;88;0,098315938;0,204235987;6-red
cbID-050;raID-04;1;0,100790557;0,112966045;1-lightgray
cbID-050;raID-04;10;2,854859028;6,020847409;1-lightgray
cbID-050;raID-04;19;6,543830171;26,5810614;2-darkgray
cbID-050;raID-04;30;6,431936944;27,51155223;2-darkgray
cbID-050;raID-04;37;4,565107675;14,63632446;3-darkorange
cbID-050;raID-04;46;4,013490886;20,32770945;4-orange
cbID-050;raID-04;53;3,25777065;14,22117571;4-orange
cbID-050;raID-04;64;3,37074079;10,95736718;4-orange
cbID-050;raID-04;72;2,177219138;17,36546215;5-orangered
cbID-050;raID-04;80;0,554207718;0,929527754;6-red
cbID-050;raID-04;89;0,100790557;0,389447253;6-red
cbID-051;raID-04;1;0,095566926;0,065536625;1-lightgray
cbID-051;raID-04;9;3,204841683;7,257734902;1-lightgray
cbID-051;raID-04;16;6,84800436;26,19116607;2-darkgray
cbID-051;raID-04;23;9,200142005;47,208013;2-darkgray
cbID-051;raID-04;33;7,763860519;31,77350569;3-darkorange
cbID-051;raID-04;39;4,852498228;16,68878934;3-darkorange
cbID-051;raID-04;47;3,44172525;8,08512749;3-darkorange
cbID-051;raID-04;53;3,618705071;13,75767912;4-orange
cbID-051;raID-04;61;4,092195911;17,77485413;4-orange
cbID-051;raID-04;69;2,62874939;11,93225656;5-orangered
cbID-051;raID-04;76;1,89314912;2,849932916;6-red
cbID-051;raID-04;82;0,700673328;1,233077943;6-red
cbID-051;raID-04;90;0,095566926;0,709104414;6-red
cbID-052;raID-04;1;0,186609492;0,067079088;1-lightgray
cbID-052;raID-04;9;3,919612861;10,33498395;1-lightgray
cbID-052;raID-04;15;7,341969122;31,08054718;2-darkgray
cbID-052;raID-04;23;9,548874956;44,59240274;2-darkgray
cbID-052;raID-04;29;9,941386452;51,39145029;2-darkgray
cbID-052;raID-04;34;8,034110517;36,95764142;3-darkorange
cbID-052;raID-04;42;4,607096404;16,39049824;3-darkorange
cbID-052;raID-04;48;4,078464329;13,18144925;3-darkorange
cbID-052;raID-04;55;4,068150525;16,61485518;4-orange
cbID-052;raID-04;64;3,416933196;22,00788196;5-orangered
cbID-052;raID-04;68;3,335194049;15,02371159;5-orangered
cbID-052;raID-04;76;2,829244743;9,4606162;5-orangered
cbID-052;raID-04;86;0,524734515;0,215137145;6-red
cbID-052;raID-04;90;0,109075987;0,082589651;6-red
cbID-053;raID-04;1;0,108540809;0,02905507;1-lightgray
cbID-053;raID-04;11;4,159292683;11,26883338;1-lightgray
cbID-053;raID-04;21;9,156112703;48,0922437;2-darkgray
cbID-053;raID-04;30;9,259861656;46,28869454;3-darkorange
cbID-053;raID-04;40;7,401589707;32,86024055;3-darkorange
cbID-053;raID-04;51;5,985421399;31,26255086;4-orange
cbID-053;raID-04;60;5,906324337;31,64503952;4-orange
cbID-053;raID-04;70;3,821138009;21,21948421;5-orangered
cbID-053;raID-04;81;1,553114691;2,003004505;6-red
cbID-053;raID-04;89;0,049884333;0,049294525;6-red
cbID-054;raID-04;1;0,105559671;0,006672556;1-lightgray
cbID-054;raID-04;7;1,780202581;2,885147593;1-lightgray
cbID-054;raID-04;20;8,034076787;38,08718624;2-darkgray
cbID-054;raID-04;27;9,335488281;46,19788271;2-darkgray
cbID-054;raID-04;37;6,001819998;20,65361138;3-darkorange
cbID-054;raID-04;47;3,02081842;8,347174476;3-darkorange
cbID-054;raID-04;52;4,096531255;18,28990715;4-orange
cbID-054;raID-04;63;-99;14,59911125;4-orange
cbID-054;raID-04;72;2,770341597;14,11864178;5-orangered
cbID-054;raID-04;82;0,707994255;1,163932388;6-red
cbID-054;raID-04;90;0,00981348;-99;6-red
cbID-055;raID-04;1;0,095941859;0,014102258;1-lightgray
cbID-055;raID-04;13;5,08974309;15,80965205;1-lightgray
cbID-055;raID-04;21;8,441058378;39,2238351;2-darkgray
cbID-055;raID-04;31;8,045548036;37,89352883;2-darkgray
cbID-055;raID-04;41;6,793402267;27,30868378;3-darkorange
cbID-055;raID-04;51;5,588824256;27,11687545;4-orange
cbID-055;raID-04;60;5,412684118;24,65494297;4-orange
cbID-055;raID-04;72;3,971945216;19,29428626;5-orangered
cbID-055;raID-04;80;2,003494562;3,899571311;6-red
cbID-055;raID-04;90;0,00366883;0,555421002;6-red
cbID-056;raID-04;1;0,127192851;0,043445442;1-lightgray
cbID-056;raID-04;7;2,539185245;5,082390237;1-lightgray
cbID-056;raID-04;13;5,799156192;22,17092606;2-darkgray
cbID-056;raID-04;19;8,254064262;39,21512832;2-darkgray
cbID-056;raID-04;22;9,160821971;47,81605688;2-darkgray
cbID-056;raID-04;28;9,687487246;50,43658109;2-darkgray
cbID-056;raID-04;33;8,220769091;38,43761564;3-darkorange
cbID-056;raID-04;38;6,715508878;28,1912536;3-darkorange
cbID-056;raID-04;45;3,924886202;14,78541582;4-orange
cbID-056;raID-04;51;2,985025499;11,98107209;4-orange
cbID-056;raID-04;55;4,435849014;17,21747943;4-orange
cbID-056;raID-04;63;3,439956243;8,934904618;4-orange
cbID-056;raID-04;68;3,819721387;20,42780242;5-orangered
cbID-056;raID-04;73;2,98230941;16,59694995;5-orangered
cbID-056;raID-04;81;0,935458447;1,300485731;6-red
cbID-056;raID-04;83;0,127192851;0,011069259;6-red
cbID-056;raID-04;91;0,127192851;0,377447271;6-red
cbID-057;raID-04;1;0,093431192;0,047243579;1-lightgray
cbID-057;raID-04;10;3,424257873;8,022686904;1-lightgray
cbID-057;raID-04;22;8,216283209;39,42346972;2-darkgray
cbID-057;raID-04;33;6,338977412;23,9714479;3-darkorange
cbID-057;raID-04;42;4,392393565;15,45134051;3-darkorange
cbID-057;raID-04;50;3,867548954;16,76538641;4-orange
cbID-057;raID-04;59;2,62516969;13,4979102;4-orange
cbID-057;raID-04;69;2,56930615;12,66106347;5-orangered
cbID-057;raID-04;81;0,362714612;0,810026872;6-red
cbID-057;raID-04;89;0,093431192;0,140463764;6-red
cbID-058;raID-04;1;0,099796814;0,078723365;1-lightgray
cbID-058;raID-04;8;2,059878095;3,430671826;1-lightgray
cbID-058;raID-04;13;3,706288806;7,563521757;2-darkgray
cbID-058;raID-04;21;7,7448379;34,50828308;2-darkgray
cbID-058;raID-04;26;8,163605389;38,10540404;2-darkgray
cbID-058;raID-04;33;6,027621424;23,72912088;3-darkorange
cbID-058;raID-04;37;3,636876265;8,613323818;3-darkorange
cbID-058;raID-04;46;3,707283863;11,3738918;3-darkorange
cbID-058;raID-04;53;3,422848406;14,68452803;4-orange
cbID-058;raID-04;58;3,88945148;14,27931008;4-orange
cbID-058;raID-04;65;4,074252178;23,29374788;5-orangered
cbID-058;raID-04;73;3,744504139;21,41784334;5-orangered
cbID-058;raID-04;79;1,376554424;1,225255497;6-red
cbID-058;raID-04;83;0,56377571;0,117319914;6-red
cbID-058;raID-04;89;0,006800036;0,410823632;6-red
cbID-059;raID-04;1;0,083382675;0,033906556;1-lightgray
cbID-059;raID-04;7;2,647438315;5,091420401;1-lightgray
cbID-059;raID-04;15;7,202502965;31,15719075;2-darkgray
cbID-059;raID-04;21;9,579837077;49,94386665;2-darkgray
cbID-059;raID-04;26;9,779315307;53,12057631;2-darkgray
cbID-059;raID-04;34;5,755059548;19,95274542;3-darkorange
cbID-059;raID-04;39;3,867711629;10,66508992;3-darkorange
cbID-059;raID-04;47;3,702550322;8,57000132;3-darkorange
cbID-059;raID-04;53;3,397556678;13,94914593;4-orange
cbID-059;raID-04;58;3,443256858;13,47101877;4-orange
cbID-059;raID-04;64;4,052640103;21,40576695;4-orange
cbID-059;raID-04;72;3,942363791;24,19551392;5-orangered
cbID-059;raID-04;75;2,814570589;18,37245694;5-orangered
cbID-059;raID-04;85;0,705641697;1,262392563;6-red
cbID-059;raID-04;88;0,10110561;0,047104571;6-red
cbID-060;raID-04;1;0,091551909;0,048450235;1-lightgray
cbID-060;raID-04;10;3,849911459;9,988970172;1-lightgray
cbID-060;raID-04;16;7,460309727;31,00486137;2-darkgray
cbID-060;raID-04;25;10,44654459;55,02716101;2-darkgray
cbID-060;raID-04;33;9,574513166;47,99537673;3-darkorange
cbID-060;raID-04;42;5,749186023;21,25152246;3-darkorange
cbID-060;raID-04;49;3,873885655;17,80840298;4-orange
cbID-060;raID-04;59;3,125405357;16,54503216;4-orange
cbID-060;raID-04;66;3,206124871;19,18559261;5-orangered
cbID-060;raID-04;75;2,724917229;20,86048364;5-orangered
cbID-060;raID-04;82;1,112299267;0,88311061;6-red
cbID-060;raID-04;90;0,077229819;0,180351217;6-red
cbID-061;raID-05;1;0,103348763;0,099563284;1-lightgray
cbID-061;raID-05;32;8,678467119;40,4948575;3-darkorange
cbID-061;raID-05;61;4,210878412;19,56211546;5-orangered
cbID-061;raID-05;89;0,114673518;0,454024741;6-red
cbID-062;raID-05;1;0,114776978;0,051495774;1-lightgray
cbID-062;raID-05;12;4,087907068;14,41270499;2-darkgray
cbID-062;raID-05;24;8,751510106;42,998253;2-darkgray
cbID-062;raID-05;35;6,743276939;27,30503546;3-darkorange
cbID-062;raID-05;45;4,072009135;13,93064916;3-darkorange
cbID-062;raID-05;58;2,539824301;-99;4-orange
cbID-062;raID-05;68;2,517898381;16,96469094;5-orangered
cbID-062;raID-05;78;1,293983233;17,72122235;5-orangered
cbID-062;raID-05;87;0,114776978;0,781101824;6-red
cbID-063;raID-05;1;0,097013892;0,010142622;1-lightgray
cbID-063;raID-05;7;1,781807026;2,684421465;1-lightgray
cbID-063;raID-05;13;4,92403219;17,59737929;2-darkgray
cbID-063;raID-05;20;8,511024455;38,37745856;2-darkgray
cbID-063;raID-05;30;7,947989802;35,79780218;3-darkorange
cbID-063;raID-05;36;5,87630157;20,95421311;3-darkorange
cbID-063;raID-05;41;4,555076419;14,63570908;3-darkorange
cbID-063;raID-05;49;-99;18,91624784;4-orange
cbID-063;raID-05;56;3,474710144;14,9006801;4-orange
cbID-063;raID-05;63;4,064311157;21,29020542;4-orange
cbID-063;raID-05;68;4,143734385;22,2364635;5-orangered
cbID-063;raID-05;77;2,915908689;6,147928369;6-red
cbID-063;raID-05;83;1,441036953;2,296332173;6-red
cbID-063;raID-05;91;0,045349917;-0,00001;6-red
cbID-064;raID-05;1;0,095571617;0,227162508;1-lightgray
cbID-064;raID-05;10;3,150692497;7,061888748;1-lightgray
cbID-064;raID-05;17;5,981234181;27,25954566;2-darkgray
cbID-064;raID-05;24;7,797784929;37,44602806;2-darkgray
cbID-064;raID-05;33;6,436633625;24,4063581;3-darkorange
cbID-064;raID-05;42;5,20688088;18,14166501;3-darkorange
cbID-064;raID-05;49;3,111847641;11,73017067;4-orange
cbID-064;raID-05;58;2,970259888;15,10772253;4-orange
cbID-064;raID-05;65;3,368245188;16,56889044;5-orangered
cbID-064;raID-05;74;2,678036371;18,22195723;5-orangered
cbID-064;raID-05;81;1,018239797;1,231697194;6-red
cbID-064;raID-05;88;0,063167478;0,212102935;6-red
cbID-065;raID-05;1;0,157826319;0,095882588;1-lightgray
cbID-065;raID-05;6;2,321821034;4,316018876;1-lightgray
cbID-065;raID-05;12;5,24148429;20,94342085;2-darkgray
cbID-065;raID-05;14;5,957352832;22,80106832;2-darkgray
cbID-065;raID-05;21;9,305671789;45,31896152;2-darkgray
cbID-065;raID-05;25;9,61026734;49,4015322;2-darkgray
cbID-065;raID-05;29;9,271214186;48,07447488;2-darkgray
cbID-065;raID-05;34;7,590622111;30,07227432;3-darkorange
cbID-065;raID-05;39;5,410718716;20,83248829;3-darkorange
cbID-065;raID-05;42;3,791784243;11,39731822;3-darkorange
cbID-065;raID-05;48;2,891515602;11,70519142;4-orange
cbID-065;raID-05;53;1,826411499;10,87659034;4-orange
cbID-065;raID-05;57;2,095868284;10,36233694;4-orange
cbID-065;raID-05;62;3,52738082;16,39867478;4-orange
cbID-065;raID-05;67;3,587065098;19,85296553;5-orangered
cbID-065;raID-05;71;2,796196177;21,24601142;5-orangered
cbID-065;raID-05;76;1,907638354;3,768319831;6-red
cbID-065;raID-05;81;0,704756811;1,230643113;6-red
cbID-065;raID-05;85;0,118435384;0,422247977;6-red
cbID-065;raID-05;91;0,118435384;0,386133928;6-red
cbID-066;raID-05;1;-99;0,074518233;1-lightgray
cbID-066;raID-05;11;4,116109322;11,02893492;2-darkgray
cbID-066;raID-05;25;9,268175267;48,88999629;2-darkgray
cbID-066;raID-05;34;7,443699575;30,41561549;3-darkorange
cbID-066;raID-05;46;4,765836049;14,68394254;3-darkorange
cbID-066;raID-05;58;4,424844083;20,32504591;4-orange
cbID-066;raID-05;67;4,108200746;21,67320265;5-orangered
cbID-066;raID-05;78;2,448904154;20,41432819;5-orangered
cbID-066;raID-05;90;0,117977793;0,01571102;6-red
cbID-067;raID-05;1;0,096154025;0,144618518;1-lightgray
cbID-067;raID-05;18;6,708265909;30,19731895;2-darkgray
cbID-067;raID-05;30;7,427875976;32,26056967;2-darkgray
cbID-067;raID-05;45;3,291801614;13,19116106;4-orange
cbID-067;raID-05;60;3,692628629;17,476258;4-orange
cbID-067;raID-05;75;2,835661508;12,69649923;5-orangered
cbID-067;raID-05;91;0,127629635;0,434087967;6-red
cbID-068;raID-05;1;0,208750372;0,016578977;1-lightgray
cbID-068;raID-05;13;6,225641297;26,49586856;2-darkgray
cbID-068;raID-05;27;10,04639166;54,13356463;2-darkgray
cbID-068;raID-05;41;5,895867608;23,4950365;3-darkorange
cbID-068;raID-05;52;5,818896702;25,88132719;4-orange
cbID-068;raID-05;66;4,637851012;17,9955892;5-orangered
cbID-068;raID-05;76;2,834291252;5,50801698;6-red
cbID-068;raID-05;90;0,08905896;0,066929428;6-red
cbID-069;raID-05;1;0,19624199;0,106840168;1-lightgray
cbID-069;raID-05;8;3,354656009;7,963531114;1-lightgray
cbID-069;raID-05;16;7,954724535;38,73688973;2-darkgray
cbID-069;raID-05;23;11,35439582;62,20829106;2-darkgray
cbID-069;raID-05;30;9,51837713;47,84380074;3-darkorange
cbID-069;raID-05;38;9,093049651;44,73957797;3-darkorange
cbID-069;raID-05;45;7,984104698;42,21681394;4-orange
cbID-069;raID-05;53;6,356047117;33,9660684;4-orange
cbID-069;raID-05;59;4,903292282;26,80832741;4-orange
cbID-069;raID-05;66;3,89301436;25,6696558;5-orangered
cbID-069;raID-05;76;2,204683367;16,71251283;5-orangered
cbID-069;raID-05;81;1,493799351;2,164157977;6-red
cbID-069;raID-05;91;0,058656382;0,423276472;6-red
cbID-070;raID-05;1;0,085765386;-99;1-lightgray
cbID-070;raID-05;8;2,607436215;5,308355536;1-lightgray
cbID-070;raID-05;16;6,963607792;27,85901102;2-darkgray
cbID-070;raID-05;25;9,412071082;45,80257497;2-darkgray
cbID-070;raID-05;33;8,771937649;41,68757722;3-darkorange
cbID-070;raID-05;41;6,156879039;21,00464365;3-darkorange
cbID-070;raID-05;50;4,949232077;22,13459735;4-orange
cbID-070;raID-05;57;4,537463196;21,4467543;4-orange
cbID-070;raID-05;66;4,472261841;26,38156501;5-orangered
cbID-070;raID-05;74;4,213906617;25,51207663;5-orangered
cbID-070;raID-05;82;1,402710552;1,874006872;6-red
cbID-070;raID-05;90;0,116155288;0,585343945;6-red
cbID-071;raID-05;1;0,018477056;0,062129221;1-lightgray
cbID-071;raID-05;10;3,850823098;9,915783729;1-lightgray
cbID-071;raID-05;15;6,831911446;26,28463322;1-lightgray
cbID-071;raID-05;24;9,098572434;45,32836563;2-darkgray
cbID-071;raID-05;33;6,620008569;29,14558794;3-darkorange
cbID-071;raID-05;38;5,563133625;19,54732316;3-darkorange
cbID-071;raID-05;47;2,800270801;7,322602674;3-darkorange
cbID-071;raID-05;52;2,33374562;10,53932276;4-orange
cbID-071;raID-05;60;2,533966431;8,488189721;4-orange
cbID-071;raID-05;68;2,394150985;9,166310079;5-orangered
cbID-071;raID-05;73;1,82353155;13,30035806;5-orangered
cbID-071;raID-05;84;0,10375031;0,092493194;6-red
cbID-071;raID-05;91;0,10375031;0,518713533;6-red
cbID-072;raID-05;1;0,100754081;0,004152138;1-lightgray
cbID-072;raID-05;10;3,843862472;9,757451842;1-lightgray
cbID-072;raID-05;19;9,091914669;46,75506005;2-darkgray
cbID-072;raID-05;30;9,28136918;48,66808655;2-darkgray
cbID-072;raID-05;38;5,667812265;18,32151211;3-darkorange
cbID-072;raID-05;45;-99;11,92946121;3-darkorange
cbID-072;raID-05;54;3,157207768;9,127296182;4-orange
cbID-072;raID-05;64;3,186317006;14,96176387;5-orangered
cbID-072;raID-05;72;3,542510003;18,68396714;5-orangered
cbID-072;raID-05;81;1,822723853;3,417007583;6-red
cbID-072;raID-05;91;0,101595146;1,599706173;6-red
cbID-073;raID-05;1;0,08725924;0,026323565;1-lightgray
cbID-073;raID-05;7;1,553827058;2,209771383;1-lightgray
cbID-073;raID-05;17;7,38065281;32,58401595;2-darkgray
cbID-073;raID-05;22;11,02807174;63,34178742;2-darkgray
cbID-073;raID-05;30;10,05500911;53,39535776;2-darkgray
cbID-073;raID-05;36;7,453106378;32,14074436;3-darkorange
cbID-073;raID-05;45;6,051682526;30,63020259;4-orange
cbID-073;raID-05;55;3,556032365;19,03145664;4-orange
cbID-073;raID-05;59;3,442430246;18,77482923;4-orange
cbID-073;raID-05;68;2,581320272;17,90396437;5-orangered
cbID-073;raID-05;74;2,079945762;18,68112465;5-orangered
cbID-073;raID-05;82;0,274761948;0,779964073;6-red
cbID-073;raID-05;91;0,08725924;0,793238509;6-red
cbID-074;raID-05;1;0,045217987;0,004436064;1-lightgray
cbID-074;raID-05;10;3,381242969;8,045524597;1-lightgray
cbID-074;raID-05;16;6,860941186;28,98019742;2-darkgray
cbID-074;raID-05;26;9,189633737;47,56458211;2-darkgray
cbID-074;raID-05;33;6,26993786;23,90946064;3-darkorange
cbID-074;raID-05;42;3,170730061;5,309499124;3-darkorange
cbID-074;raID-05;48;2,214040777;8,010655737;4-orange
cbID-074;raID-05;58;3,552753017;21,01747854;4-orange
cbID-074;raID-05;66;4,121706536;20,68751947;5-orangered
cbID-074;raID-05;75;2,852107371;23,11389753;5-orangered
cbID-074;raID-05;81;1,11559825;1,263889069;6-red
cbID-074;raID-05;90;0,123347087;0,271192151;6-red
cbID-075;raID-05;1;0,080702277;0,159100712;1-lightgray
cbID-075;raID-05;10;4,047742592;10,87422023;1-lightgray
cbID-075;raID-05;19;8,466024661;40,58520528;2-darkgray
cbID-075;raID-05;27;9,722990402;53,92509369;2-darkgray
cbID-075;raID-05;36;8,202833989;38,16717932;3-darkorange
cbID-075;raID-05;48;5,563713393;21,60226083;4-orange
cbID-075;raID-05;53;4,557604716;18,45037353;4-orange
cbID-075;raID-05;64;4,382631556;23,99704235;5-orangered
cbID-075;raID-05;72;3,220917755;11,62242324;5-orangered
cbID-075;raID-05;82;0,800983038;0,748649643;6-red
cbID-075;raID-05;91;0,102000916;0,13915514;6-red
cbID-076;raID-05;1;0,097716351;0,085862362;1-lightgray
cbID-076;raID-05;9;3,170723238;7,186722213;1-lightgray
cbID-076;raID-05;20;8,784937792;43,30875402;2-darkgray
cbID-076;raID-05;29;9,341494995;49,26963728;2-darkgray
cbID-076;raID-05;36;7,945523546;34,032661;3-darkorange
cbID-076;raID-05;46;5,321887559;24,28958742;4-orange
cbID-076;raID-05;55;3,340782338;12,02985161;4-orange
cbID-076;raID-05;63;3,938518488;16,68597033;4-orange
cbID-076;raID-05;71;3,148928811;18,23138745;5-orangered
cbID-076;raID-05;82;0,565814851;0,290315072;6-red
cbID-076;raID-05;89;0,097716351;0,593634268;6-red
cbID-077;raID-05;1;0,004570832;0,033989519;1-lightgray
cbID-077;raID-05;18;7,740243;33,78369474;2-darkgray
cbID-077;raID-05;30;9,025595732;44,80941856;3-darkorange
cbID-077;raID-05;45;3,944827313;16,75050199;4-orange
cbID-077;raID-05;60;2,552236332;8,996500745;5-orangered
cbID-077;raID-05;75;2,164902747;18,55308377;5-orangered
cbID-077;raID-05;90;0,090539813;0,115578201;6-red
cbID-078;raID-05;1;0,027725663;0,023157537;1-lightgray
cbID-078;raID-05;14;5,483561125;18,0588854;1-lightgray
cbID-078;raID-05;23;8,834437049;43,97163428;2-darkgray
cbID-078;raID-05;33;7,226745344;30,8672793;3-darkorange
cbID-078;raID-05;46;3,85366418;14,69261151;4-orange
cbID-078;raID-05;58;1,270626281;10,04843964;4-orange
cbID-078;raID-05;69;1,088213709;9,485084577;5-orangered
cbID-078;raID-05;79;0,091741602;0,297825136;6-red
cbID-078;raID-05;91;0,091741602;0,271130352;6-red
cbID-079;raID-05;1;-99;0,08983132;1-lightgray
cbID-079;raID-05;8;2,720260618;5,531287916;1-lightgray
cbID-079;raID-05;14;5,798271041;19,92608409;1-lightgray
cbID-079;raID-05;20;7,563938752;30,45194739;2-darkgray
cbID-079;raID-05;27;8,424754356;40,49128782;2-darkgray
cbID-079;raID-05;34;5,721262136;20,01789277;3-darkorange
cbID-079;raID-05;41;2,026649449;4,61060445;3-darkorange
cbID-079;raID-05;46;3,196570962;13,30424931;4-orange
cbID-079;raID-05;52;3,313563134;13,7120605;4-orange
cbID-079;raID-05;57;3,030228186;11,32217354;4-orange
cbID-079;raID-05;65;3,226563916;11,71309241;5-orangered
cbID-079;raID-05;70;3,349238482;18,67372594;5-orangered
cbID-079;raID-05;80;1,228065112;2,228983355;6-red
cbID-079;raID-05;83;0,195568881;0,178317048;6-red
cbID-079;raID-05;91;0,013720486;0,196843905;6-red
cbID-080;raID-05;1;0,118068966;0,107209191;1-lightgray
cbID-080;raID-05;12;3,506265464;13,37394651;2-darkgray
cbID-080;raID-05;21;6,438179334;24,441652;2-darkgray
cbID-080;raID-05;29;6,344254913;26,80914981;3-darkorange
cbID-080;raID-05;41;3,363440378;8,677397912;3-darkorange
cbID-080;raID-05;50;3,150475022;15,32287136;4-orange
cbID-080;raID-05;59;3,418174485;14,1389829;4-orange
cbID-080;raID-05;68;3,726605703;26,24287507;5-orangered
cbID-080;raID-05;80;1,228389387;6,528362583;5-orangered
cbID-080;raID-05;90;0,118068966;0,885757053;6-red
cbID-081;raID-06;1;0,000273024;0,111253737;1-lightgray
cbID-081;raID-06;10;3,586173239;8,772537824;1-lightgray
cbID-081;raID-06;20;8,309842758;39,04538309;2-darkgray
cbID-081;raID-06;29;7,740940853;33,67074272;3-darkorange
cbID-081;raID-06;41;3,095226766;10,293538;3-darkorange
cbID-081;raID-06;49;1,418475452;9,169233742;4-orange
cbID-081;raID-06;62;4,637445766;19,51883455;5-orangered
cbID-081;raID-06;70;3,100615866;17,62461943;5-orangered
cbID-081;raID-06;81;0,917035693;0,728762088;6-red
cbID-081;raID-06;90;0,10994203;0,211420547;6-red
cbID-082;raID-06;1;0,136749955;0,034728107;1-lightgray
cbID-082;raID-06;9;3,226349948;6,95263654;1-lightgray
cbID-082;raID-06;20;8,380435356;36,24998325;2-darkgray
cbID-082;raID-06;27;9,073364549;43,79139953;2-darkgray
cbID-082;raID-06;38;6,243840162;24,36548963;3-darkorange
cbID-082;raID-06;47;4,633088046;-99;3-darkorange
cbID-082;raID-06;53;4,638142542;20,97614584;4-orange
cbID-082;raID-06;63;3,846498382;13,99160791;5-orangered
cbID-082;raID-06;72;3,967175421;23,43143858;5-orangered
cbID-082;raID-06;82;1,417629164;2,279771721;6-red
cbID-082;raID-06;91;0,100137658;0,268087784;6-red
cbID-083;raID-06;1;0,120862931;0,13941685;1-lightgray
cbID-083;raID-06;5;1,126846183;1,360658897;1-lightgray
cbID-083;raID-06;12;4,913850927;14,99325314;1-lightgray
cbID-083;raID-06;19;7,801225687;34,85153011;2-darkgray
cbID-083;raID-06;22;8,386376853;38,20531496;2-darkgray
cbID-083;raID-06;30;7,794695604;34,01778769;3-darkorange
cbID-083;raID-06;35;7,039646671;28,57538106;3-darkorange
cbID-083;raID-06;39;5,347576695;18,25523984;3-darkorange
cbID-083;raID-06;45;3,325387279;16,07923881;4-orange
cbID-083;raID-06;51;2,410348016;16,72910063;4-orange
cbID-083;raID-06;58;2,476004579;13,25743635;4-orange
cbID-083;raID-06;63;3,470705884;17,39172433;5-orangered
cbID-083;raID-06;66;3,706871259;15,22310311;5-orangered
cbID-083;raID-06;74;2,12835536;12,20419465;5-orangered
cbID-083;raID-06;78;2,201446198;14,59641732;5-orangered
cbID-083;raID-06;84;0,360406605;0,299484466;6-red
cbID-083;raID-06;91;0,120862931;0,186190555;6-red
cbID-084;raID-06;1;0,000538288;0,148402089;1-lightgray
cbID-084;raID-06;9;3,069225169;6,775569242;1-lightgray
cbID-084;raID-06;15;6,170162356;21,93391089;1-lightgray
cbID-084;raID-06;23;9,263754549;47,00306004;2-darkgray
cbID-084;raID-06;32;8,452103968;38,77448776;2-darkgray
cbID-084;raID-06;39;4,72475531;16,20986872;3-darkorange
cbID-084;raID-06;44;4,044689638;10,40075505;3-darkorange
cbID-084;raID-06;54;3,945731242;19,58882141;4-orange
cbID-084;raID-06;60;4,585320214;23,26541781;4-orange
cbID-084;raID-06;69;4,134657336;23,14335639;5-orangered
cbID-084;raID-06;75;3,182090898;10,58747791;5-orangered
cbID-084;raID-06;82;0,99463101;1,5699529;6-red
cbID-084;raID-06;91;0,002936244;0,524614976;6-red
cbID-085;raID-06;1;0,101713634;0,054281592;1-lightgray
cbID-085;raID-06;10;3,076493183;6,796357174;1-lightgray
cbID-085;raID-06;19;7,310666733;29,32287577;2-darkgray
cbID-085;raID-06;29;7,914504658;35,65965783;3-darkorange
cbID-085;raID-06;38;5,443996332;20,2790602;3-darkorange
cbID-085;raID-06;47;4,600197811;15,19623625;3-darkorange
cbID-085;raID-06;54;3,879700332;10,96875133;4-orange
cbID-085;raID-06;63;3,858793173;22,2674845;5-orangered
cbID-085;raID-06;71;3,144767286;13,47662064;5-orangered
cbID-085;raID-06;81;0,717309096;0,327257075;6-red
cbID-085;raID-06;87;0,101713634;0,195284449;6-red
cbID-086;raID-06;1;0,042041762;0,106144283;1-lightgray
cbID-086;raID-06;12;4,80031311;17,44206161;2-darkgray
cbID-086;raID-06;22;9,705121368;50,71656948;2-darkgray
cbID-086;raID-06;34;9,524207454;50,38770482;3-darkorange
cbID-086;raID-06;46;6,895031346;28,25116924;3-darkorange
cbID-086;raID-06;57;5,966548268;31,69890588;4-orange
cbID-086;raID-06;68;5,823995199;31,01300481;5-orangered
cbID-086;raID-06;78;3,360051781;8,689420725;6-red
cbID-086;raID-06;90;0,212745834;1,108891511;6-red
cbID-087;raID-06;1;0,108343688;0,014497332;1-lightgray
cbID-087;raID-06;7;1,722073291;2,576228256;1-lightgray
cbID-087;raID-06;17;7,03664163;33,2907025;2-darkgray
cbID-087;raID-06;24;8,383744168;44,17561039;2-darkgray
cbID-087;raID-06;30;7,332783829;31,42107307;3-darkorange
cbID-087;raID-06;39;4,404989924;13,68060118;3-darkorange
cbID-087;raID-06;45;3,033532559;8,554899763;3-darkorange
cbID-087;raID-06;52;2,108106055;13,65253808;4-orange
cbID-087;raID-06;60;3,259385886;15,9966448;4-orange
cbID-087;raID-06;67;3,271791514;13,64349581;5-orangered
cbID-087;raID-06;75;2,631907851;17,27279049;5-orangered
cbID-087;raID-06;83;0,363589973;0,629233472;6-red
cbID-087;raID-06;89;0,026676505;0,557105799;6-red
cbID-088;raID-06;1;0,097992791;0,099568462;1-lightgray
cbID-088;raID-06;9;2,841662717;6,086914276;1-lightgray
cbID-088;raID-06;18;7,023315384;35,00546158;2-darkgray
cbID-088;raID-06;26;8,8498216;43,544225;2-darkgray
cbID-088;raID-06;34;5,632083231;21,34050953;3-darkorange
cbID-088;raID-06;42;5,422528241;19,83288316;3-darkorange
cbID-088;raID-06;50;4,712479885;22,64701893;4-orange
cbID-088;raID-06;57;4,939868979;23,62652023;4-orange
cbID-088;raID-06;68;4,554086508;19,04405717;5-orangered
cbID-088;raID-06;74;3,455038027;19,43070634;5-orangered
cbID-088;raID-06;83;1,386985472;2,170548233;6-red
cbID-088;raID-06;90;0,049462539;0,475166888;6-red
cbID-089;raID-06;1;0,192943902;0,006613739;1-lightgray
cbID-089;raID-06;11;4,569058401;15,92894325;2-darkgray
cbID-089;raID-06;23;9,288454913;45,65915774;2-darkgray
cbID-089;raID-06;34;8,236580306;38,21130698;3-darkorange
cbID-089;raID-06;45;4,899946186;15,06504748;3-darkorange
cbID-089;raID-06;56;4,792464649;14,14709206;4-orange
cbID-089;raID-06;69;5,142041426;27,72050272;5-orangered
cbID-089;raID-06;79;2,64489379;21,21561471;5-orangered
cbID-089;raID-06;91;0,094595028;0,592868731;6-red
cbID-090;raID-06;1;0,106339581;0,094628491;1-lightgray
cbID-090;raID-06;6;2,218975605;4,144244467;1-lightgray
cbID-090;raID-06;11;4,821729663;14,47529299;1-lightgray
cbID-090;raID-06;17;7,652352473;33,76574628;2-darkgray
cbID-090;raID-06;23;9,547364187;49,20234193;2-darkgray
cbID-090;raID-06;26;9,666164354;50,46278016;2-darkgray
cbID-090;raID-06;33;7,575436371;31,68533211;3-darkorange
cbID-090;raID-06;38;6,024421981;25,83756563;3-darkorange
cbID-090;raID-06;43;5,098937971;19,22739792;3-darkorange
cbID-090;raID-06;47;2,914182682;15,03175731;4-orange
cbID-090;raID-06;54;3,131898656;15,73413703;4-orange
cbID-090;raID-06;58;3,309855017;14,77987945;4-orange
cbID-090;raID-06;63;3,659164187;14,41677361;4-orange
cbID-090;raID-06;71;3,438618814;22,43152334;5-orangered
cbID-090;raID-06;74;3,001070888;17,09212754;5-orangered
cbID-090;raID-06;79;0,81556555;1,66418465;6-red
cbID-090;raID-06;85;0,106339581;0,431976415;6-red
cbID-090;raID-06;88;0,106339581;0,606025982;6-red
cbID-091;raID-06;1;0,093426004;0,09307198;1-lightgray
cbID-091;raID-06;8;2,959762996;6,401431733;1-lightgray
cbID-091;raID-06;13;5,995297556;21,13135534;1-lightgray
cbID-091;raID-06;19;9,160945166;44,60855037;2-darkgray
cbID-091;raID-06;28;9,513046029;48,57697225;2-darkgray
cbID-091;raID-06;34;7,384883038;31,95328612;3-darkorange
cbID-091;raID-06;40;5,179148418;17,64499237;3-darkorange
cbID-091;raID-06;46;4,504236233;14,11037621;3-darkorange
cbID-091;raID-06;52;3,605530978;19,42316616;4-orange
cbID-091;raID-06;60;4,824007136;22,0342303;5-orangered
cbID-091;raID-06;63;4,288488016;16,89714354;4-orange
cbID-091;raID-06;71;3,114833492;19,9319587;5-orangered
cbID-091;raID-06;78;1,974996103;3,472933453;6-red
cbID-091;raID-06;83;0,801540143;1,310476967;6-red
cbID-091;raID-06;91;0,064142854;0,693577089;6-red
cbID-092;raID-06;1;0,062963267;0,072264145;1-lightgray
cbID-092;raID-06;6;1,924246493;2,997776493;1-lightgray
cbID-092;raID-06;10;3,255044466;7,419794154;1-lightgray
cbID-092;raID-06;17;7,28549818;34,26727809;2-darkgray
cbID-092;raID-06;21;8,711629172;40,03996551;2-darkgray
cbID-092;raID-06;26;9,233494327;46,81644057;2-darkgray
cbID-092;raID-06;29;8,472414579;40,64372717;3-darkorange
cbID-092;raID-06;36;6,289241276;24,9996897;3-darkorange
cbID-092;raID-06;39;5,293417881;17,84188691;3-darkorange
cbID-092;raID-06;47;4,867199242;23,31833245;4-orange
cbID-092;raID-06;50;4,048731971;19,22141116;4-orange
cbID-092;raID-06;55;4,014383776;21,16722265;4-orange
cbID-092;raID-06;60;4,038491685;17,8233352;5-orangered
cbID-092;raID-06;66;3,935676725;23,58328976;5-orangered
cbID-092;raID-06;72;3,568813092;17,32618971;5-orangered
cbID-092;raID-06;76;2,650894481;5,82909325;6-red
cbID-092;raID-06;80;1,259775208;14,71173715;5-orangered
cbID-092;raID-06;86;0,213497991;0,01596934;6-red
cbID-092;raID-06;91;0,121896436;-99;6-red
cbID-093;raID-06;1;0,109980107;0,054938311;1-lightgray
cbID-093;raID-06;15;6,120105993;21,76623734;1-lightgray
cbID-093;raID-06;28;8,618837287;40,47794356;3-darkorange
cbID-093;raID-06;38;6,274503514;22,51994051;3-darkorange
cbID-093;raID-06;52;3,447548196;13,99075604;4-orange
cbID-093;raID-06;65;4,244220232;24,18717836;5-orangered
cbID-093;raID-06;77;2,640550686;19,22433645;5-orangered
cbID-093;raID-06;91;0,109980107;0,139288868;6-red
cbID-094;raID-06;1;0,105093138;0,180985601;1-lightgray
cbID-094;raID-06;11;3,790641985;9,532988134;1-lightgray
cbID-094;raID-06;22;8,458798115;41,78056205;2-darkgray
cbID-094;raID-06;30;9,043076378;40,71113874;2-darkgray
cbID-094;raID-06;40;7,10281095;30,55214058;3-darkorange
cbID-094;raID-06;50;3,934759146;18,16297511;4-orange
cbID-094;raID-06;62;3,880870146;14,64229617;4-orange
cbID-094;raID-06;71;3,996803241;27,38581121;5-orangered
cbID-094;raID-06;80;1,644157016;3,117488883;6-red
cbID-094;raID-06;91;-99;0,18599922;6-red
cbID-095;raID-06;1;0,111053274;0,035724153;1-lightgray
cbID-095;raID-06;7;2,637928153;5,230851397;1-lightgray
cbID-095;raID-06;14;6,367510598;23,32327376;1-lightgray
cbID-095;raID-06;21;9,111603745;45,36229058;2-darkgray
cbID-095;raID-06;28;8,171724541;37,59926875;2-darkgray
cbID-095;raID-06;35;7,13285015;29,51627467;3-darkorange
cbID-095;raID-06;40;6,007335874;22,82902968;3-darkorange
cbID-095;raID-06;49;4,112201006;16,15749136;4-orange
cbID-095;raID-06;56;4,463534379;21,56759172;4-orange
cbID-095;raID-06;63;3,973520073;22,19150196;5-orangered
cbID-095;raID-06;69;3,809281643;19,20315188;5-orangered
cbID-095;raID-06;75;2,317035137;8,62112779;5-orangered
cbID-095;raID-06;84;0,036411117;0,111334592;6-red
cbID-095;raID-06;90;0,111053274;0,722105043;6-red
cbID-096;raID-06;1;0,056377628;0,203225558;1-lightgray
cbID-096;raID-06;9;3,218975098;7,35894828;1-lightgray
cbID-096;raID-06;19;7,711194824;35,65707163;2-darkgray
cbID-096;raID-06;28;8,842989182;42,97024831;2-darkgray
cbID-096;raID-06;39;5,513280735;20,88867521;3-darkorange
cbID-096;raID-06;47;4,591263466;16,09838219;3-darkorange
cbID-096;raID-06;53;4,645784443;19,90131072;4-orange
cbID-096;raID-06;62;4,116556259;28,41488569;5-orangered
cbID-096;raID-06;71;4,055064386;22,5095443;5-orangered
cbID-096;raID-06;81;1,346277563;2,081765534;6-red
cbID-096;raID-06;91;0,083290722;0,361224696;6-red
cbID-097;raID-07;1;0,104120523;0,000202934;1-lightgray
cbID-097;raID-07;8;1,489803386;0,001894988;1-lightgray
cbID-097;raID-07;15;5,152831366;0,01633498;1-lightgray
cbID-097;raID-07;22;7,29116021;0,035442149;2-darkgray
cbID-097;raID-07;27;7,252764172;0,031165036;2-darkgray
cbID-097;raID-07;35;4,408148306;0,013521298;3-darkorange
cbID-097;raID-07;42;3,560210684;0,009671455;3-darkorange
cbID-097;raID-07;50;2,374840756;0,011496143;4-orange
cbID-097;raID-07;56;1,552565998;0,00711822;4-orange
cbID-097;raID-07;61;2,116018594;0,011342152;5-orangered
cbID-097;raID-07;68;2,737485052;0,017428445;5-orangered
cbID-097;raID-07;77;2,002489996;0,012910509;5-orangered
cbID-097;raID-07;82;0,912388093;0,000345391;6-red
cbID-097;raID-07;89;0,104120523;0,00040343;6-red
cbID-098;raID-07;1;0,064676864;1,09266E-05;1-lightgray
cbID-098;raID-07;10;3,801445252;0,009620377;1-lightgray
cbID-098;raID-07;17;7,070451552;0,030265736;2-darkgray
cbID-098;raID-07;27;9,509476119;0,048542177;2-darkgray
cbID-098;raID-07;33;7,693782924;0,034645549;3-darkorange
cbID-098;raID-07;42;4,671019366;0,016413907;3-darkorange
cbID-098;raID-07;48;2,633104908;0,017504571;4-orange
cbID-098;raID-07;58;2,155018403;0,01046244;4-orange
cbID-098;raID-07;65;2,129752059;0,010783553;5-orangered
cbID-098;raID-07;75;1,448561131;0,007066155;5-orangered
cbID-098;raID-07;82;0,42625815;0,000452946;6-red
cbID-098;raID-07;90;0,093938666;0,000694044;6-red
cbID-099;raID-07;1;0,122547656;0,000133579;1-lightgray
cbID-099;raID-07;9;2,342907665;0,004276559;1-lightgray
cbID-099;raID-07;16;6,009431639;0,021947414;2-darkgray
cbID-099;raID-07;22;8,465598116;0,041390166;2-darkgray
cbID-099;raID-07;31;7,919960495;0,039962276;2-darkgray
cbID-099;raID-07;38;5,657965191;0,020820039;3-darkorange
cbID-099;raID-07;47;3,842679886;0,018961449;4-orange
cbID-099;raID-07;54;3,418144666;0,013861144;4-orange
cbID-099;raID-07;62;4,419766625;0,018917563;4-orange
cbID-099;raID-07;68;4,527559191;0,023842982;5-orangered
cbID-099;raID-07;73;3,941323013;0,018732275;5-orangered
cbID-099;raID-07;81;1,676502881;0,002170886;6-red
cbID-099;raID-07;90;0,183679087;0,000721766;6-red
cbID-100;raID-07;1;0,096289019;4,10569E-05;1-lightgray
cbID-100;raID-07;10;3,143587442;0,0068981;1-lightgray
cbID-100;raID-07;19;8,368812127;0,042245816;2-darkgray
cbID-100;raID-07;28;8,604938316;0,039617067;3-darkorange
cbID-100;raID-07;36;7,175251623;0,029047636;3-darkorange
cbID-100;raID-07;46;5,588149023;0,018964373;3-darkorange
cbID-100;raID-07;55;4,030547976;0,019425859;4-orange
cbID-100;raID-07;64;3,355927504;0,020832548;4-orange
cbID-100;raID-07;72;2,467674507;0,01398134;5-orangered
cbID-100;raID-07;80;0,220201887;0,000195728;6-red
cbID-100;raID-07;89;0,096289019;0,000226121;6-red